Date,Post Name,Total Views,Upvote Rate,Total Comments,Total Shares,Post Published Date
2026-07-02,What your broker probably didn’t tell you about SBA loans,66448,0.9659090909090909,51,249,2026-05-13
2026-07-02,Asset deal vs. stock deal — what you actually pay in taxes (and why the seller pushes back),23430,1,23,134,2026-05-05
2026-07-02,SBA is changing the rules on July 4th. Here's what it actually means if you're trying to buy a business right now.,19912,0.9565217391304348,10,39,2026-06-26
2026-07-02,SBA is changing the rules on July 4th. Here's what it actually means if you're trying to buy a business right now.,28451,0.9393939393939394,8,97,2026-06-25
2026-07-02,The five add-backs sellers keep trying to slip past me. Here's what I've learned to look for.,7921,0.7692307692307693,0,16,2026-06-22
2026-07-02,"Earnouts from the buyer's seat: when to walk, what to cap, and the SBA trap nobody mentions",10991,0.9230769230769231,12,28,2026-06-19
2026-07-02,Earnouts: What brokers describe vs. how they actually play out,19249,1,15,81,2026-06-17
2026-07-02,"The ""Phantom SDE"" Trap: How Unpaid Family Labor Destroys Small Business Valuations",16800,0.8421052631578947,6,48,2026-06-11
2026-07-02,What your broker probably didn’t tell you about add-backs,12290,1,14,51,2026-06-03
2026-07-02,Your business is worth less than you think if the revenue lives in your head. Here's how buyers see it.,1461,0.5,9,0,2026-05-28
2026-07-02,Your business is worth less than you think if the revenue lives in your head. Here's how buyers see it.,5447,0.8,13,11,2026-05-28
2026-07-02,The seller IS the business. How to find out before you buy it.,12146,0.9230769230769231,17,52,2026-05-28
2026-07-02,What your broker probably didn’t tell you about SBA loans,274,1,0,0,2026-05-27
2026-07-02,The customer concentration trap: How to find it before you sign anything,3903,1,1,10,2026-05-27
2026-07-02,The pre-LOI diligence checklist I wish more buyers used before spending $20k on QoE,15997,1,22,116,2026-05-19
2026-07-02,Asset deal vs. stock deal — What you actually pay in taxes (and why the seller pushes back),2117,0.6,2,7,2026-05-18
2026-07-02,What your broker probably didn’t tell you about SBA loans,10780,1,3,38,2026-05-18
2026-07-02,What your broker probably didn’t tell you about SBA loans,989,1,0,2,2026-05-14
2026-07-02,What your broker probably didn’t tell you about SBA loans,42189,0.9315068493150684,42,126,2026-05-14
2026-07-02,Working Capital: The quiet way buyers overpay for SMBs (and how to not get trapped),21041,0.8666666666666667,22,75,2026-05-08
2026-07-02,Asset deal vs. stock deal — what you actually pay in taxes (and why the seller pushes back),1121,1,0,0,2026-05-08